<?xml version="1.0" encoding="UTF-8"?>
<project-private xmlns="http://www.netbeans.org/ns/project-private/1">
    <editor-bookmarks xmlns="http://www.netbeans.org/ns/editor-bookmarks/2" lastBookmarkId="0"/>
    <open-files xmlns="http://www.netbeans.org/ns/projectui-open-files/2">
        <group>
            <file>file:/C:/Users/IBM_ADMIN/Documents/NCI/Secure%20Programming/CA3/jar/ImageEncryption/src/my/imageencryption/ExceptionUI.java</file>
            <file>file:/C:/Users/IBM_ADMIN/Documents/NCI/Secure%20Programming/CA3/jar/ImageEncryption/src/my/imageencryption/PasswordInput.java</file>
            <file>file:/C:/Users/IBM_ADMIN/Documents/NCI/Secure%20Programming/CA3/jar/ImageEncryption/src/my/imageencryption/ImageEncryptionUI.java</file>
            <file>file:/C:/Users/IBM_ADMIN/Documents/NCI/Secure%20Programming/CA3/jar/ImageEncryption/src/my/imageencryption/Encrypter.java</file>
            <file>file:/C:/Users/IBM_ADMIN/Documents/NCI/Secure%20Programming/CA3/jar/ImageEncryption/src/my/imageencryption/FileChooserUI.java</file>
            <file>file:/C:/Users/IBM_ADMIN/Documents/NCI/Secure%20Programming/CA3/jar/ImageEncryption/src/my/imageencryption/EncryptionManager.java</file>
        </group>
    </open-files>
</project-private>
